<?xml version="1.0" encoding="UTF-8"?>
<ReactorType>
    <Reactors>
        <Reactor>
            <type>MKER</type>
            <burnup>30</burnup>
            <kpd>0.352</kpd>
            <enrichment>0.24</enrichment>
            <termal_capacity>4250</termal_capacity>
            <electrical_capacity>1500</electrical_capacity>
            <life_time>50</life_time>
            <first_load>192</first_load>
        </Reactor>
        <Reactor>
            <type>RBMK</type>
            <burnup>25</burnup>
            <kpd>0.3125</kpd>
            <enrichment>0.027</enrichment>
            <termal_capacity>3200</termal_capacity>
            <electrical_capacity>1000</electrical_capacity>
            <life_time>40</life_time>
            <first_load>192</first_load>
        </Reactor>
        <Reactor>
            <type>VVER_1000</type>
            <burnup>40</burnup>
            <kpd>0.33</kpd>
            <enrichment>0.0385</enrichment>
            <termal_capacity>3200</termal_capacity>
            <electrical_capacity>1056</electrical_capacity>
            <life_time>60</life_time>
            <first_load>79.84</first_load>
        </Reactor>
        <Reactor>
            <type>AP1000</type>
            <burnup>43.20</burnup>
            <kpd>0.339</kpd>
            <enrichment>0.048</enrichment>
            <termal_capacity>3415</termal_capacity>
            <electrical_capacity>1158</electrical_capacity>
            <life_time>60</life_time>
            <first_load>93.65</first_load>
        </Reactor>
        <Reactor>
            <type>BWR</type>
            <burnup>45</burnup>
            <kpd>0.343</kpd>
            <enrichment>0.041</enrichment>
            <termal_capacity>3572</termal_capacity>
            <electrical_capacity>1252</electrical_capacity>
            <life_time>60</life_time>
            <first_load>128.00</first_load>
        </Reactor>
        <Reactor>
            <type>ABWR</type>
            <burnup>46.40</burnup>
            <kpd>0.3655</kpd>
            <enrichment>0.036</enrichment>
            <termal_capacity>4500</termal_capacity>
            <electrical_capacity>1645</electrical_capacity>
            <life_time>60</life_time>
            <first_load>128.00</first_load>
        </Reactor>
        <Reactor>
            <type>ERP</type>
            <burnup>36.10</burnup>
            <kpd>0.3515</kpd>
            <enrichment>0.032</enrichment>
            <termal_capacity>3992</termal_capacity>
            <electrical_capacity>1404.5</electrical_capacity>
            <life_time>60</life_time>
            <first_load>140.66</first_load>
        </Reactor>
        <Reactor>
            <type>MAGNOX</type>
            <burnup>4.5</burnup>
            <kpd>0.23</kpd>
            <enrichment>0.01</enrichment>
            <termal_capacity>728</termal_capacity>
            <electrical_capacity>184</electrical_capacity>
            <life_time>60</life_time>
            <first_load>120</first_load>
        </Reactor>
        <Reactor>
            <type>BN</type>
            <burnup>140</burnup>
            <kpd>42.05</kpd>
            <enrichment>0.21</enrichment>
            <termal_capacity>2800</termal_capacity>
            <electrical_capacity>1200</electrical_capacity>
            <life_time>60</life_time>
            <first_load>50.4</first_load>
        </Reactor>
        <Reactor>
            <type>PWR</type>
            <burnup>42.0</burnup>
            <kpd>34</kpd>
            <enrichment>0.045</enrichment>
            <termal_capacity>3411</termal_capacity>
            <electrical_capacity>1150</electrical_capacity>
            <life_time>50</life_time>
            <first_load>74.0</first_load>
        </Reactor>
        <Reactor>
            <type>CRP-1000</type>
            <burnup>52</burnup>
            <kpd>35.1</kpd>
            <enrichment>0.045</enrichment>
            <termal_capacity>2900</termal_capacity>
            <electrical_capacity>1021</electrical_capacity>
            <life_time>40</life_time>
            <first_load>77</first_load>
        </Reactor>
        <Reactor>
            <type>CANDU</type>
            <burnup>8</burnup>
            <kpd>0.3</kpd>
            <enrichment>0.0071</enrichment>
            <termal_capacity>2343</termal_capacity>
            <electrical_capacity>742</electrical_capacity>
            <life_time>60</life_time>
            <first_load>38.9</first_load>
        </Reactor>
        <Reactor>
            <type>PHWR</type>
            <burnup>8</burnup>
            <kpd>0.3</kpd>
            <enrichment>0.0071</enrichment>
            <termal_capacity>2343</termal_capacity>
            <electrical_capacity>742</electrical_capacity>
            <life_time>60</life_time>
            <first_load>38.9</first_load>
        </Reactor>
        <Reactor>
            <type>KLT-40</type>
            <burnup>42</burnup>
            <kpd>0.3</kpd>
            <enrichment>0.16</enrichment>
            <termal_capacity>150</termal_capacity>
            <electrical_capacity>32</electrical_capacity>
            <life_time>36</life_time>
            <first_load>0.007</first_load>
        </Reactor>
        <Reactor>
            <type>PWR</type>
            <burnup>40</burnup>
            <kpd>0.33</kpd>
            <enrichment>0.044</enrichment>
            <termal_capacity>3200</termal_capacity>
            <electrical_capacity>1056</electrical_capacity>
            <life_time>60</life_time>
            <first_load>79.84</first_load>
        </Reactor>
    </Reactors>
</ReactorType>

